-79,401,2262
14,69,2112
-54,101,2124
-62,134,2134
-65,136,2135
-70,143,2136
-80,147,2137
-82,140,2143
-87,146,2142
-92,155,2136
-100,149,2143
-83,169,2100
-78,161,2095
-82,171,2090
-83,164,2093
-77,164,2088
-75,166,2088
-69,158,2087
-57,164,2074
-59,165,2073
-45,160,2062
-53,159,2069
-69,172,2087
-72,163,2091
-79,159,2107
-104,153,2154
-80,145,2124
-63,140,2102
24,4,2162
-22,62,2158
-65,132,2144
-61,136,2137
-58,136,2133
-55,137,2127
-34,0,2094
-47,52,2116
-30,9,2098
-15,-19,2086
31,-17,2161
27,-54,2132
1,-12,2139
-29,17,2141
-89,41,2185
-83,43,2175
-64,45,2147
-57,33,2143
-76,47,2149
-67,40,2146
-7,11,2083
-28,96,2102
-42,137,2118
-39,116,2107
-53,133,2118
-60,138,2116
-57,141,2120
-48,138,2115
-3,22,2092
0,15,2087
-2,15,2089
-2,14,2088
-22,74,2113
-40,126,2137
-46,106,2112
-19,19,2091
-45,100,2105
-64,164,2101
-54,155,2089
-13,165,2034
-11,177,2027
-16,185,2029
-15,177,2030
5,183,2024
16,195,2017
28,197,2009
36,197,2002
31,206,1998
18,216,2006
4,222,2016
-8,155,2103
0,31,2099
0,18,2069
0,42,2083
3,86,2143
15,114,2203
32,93,2208
19,94,2241
22,100,2223
20,97,2217
27,95,2214
22,98,2225
31,99,2216
19,110,2227
26,101,2228
-2,135,2150
3,124,2161
-2,103,2117
0,34,2079
-4,54,2076
0,11,2063
1,69,2103
-17,247,2122
-76,200,2127
-83,190,2120
-85,184,2112
-89,171,2101
-86,162,2098
-83,158,2096
-81,168,2104
-84,204,2137
-63,232,2205
-60,236,2193
-42,229,2156
-32,226,2143
-36,234,2152
-38,239,2157
-40,247,2161
-43,258,2170
-40,255,2161
-42,256,2168
-37,242,2162
-42,245,2167
-49,253,2181
-55,252,2202
-58,243,2214
-44,223,2188
-45,234,2196
-78,210,2150
-83,203,2141
-56,249,2166
-35,293,2188
-38,293,2185
-27,258,2227
-34,246,2181
-30,246,2166
-36,246,2182
-125,241,2243
-177,209,2220
-174,209,2224
-131,223,2188
-87,280,2194
-70,290,2170
-39,262,2222
-59,266,2254
-47,319,2195
-37,345,2250
-80,321,2312
-88,273,2346
-90,255,2357
-86,263,2361
-86,284,2357
-83,279,2350
-90,271,2336
-96,278,2333
-94,278,2338
-96,284,2353
-98,294,2391
-98,292,2395
-87,288,2402
-82,297,2405
-82,290,2353
-71,283,2295
-66,291,2282
-75,305,2283
-52,306,2436
-48,320,2456
-46,341,2465
-45,335,2472
-42,329,2493
-35,287,2505
17,473,2427
41,437,2466
40,437,2453
27,433,2383
33,410,2368
40,370,2416
43,386,2423
37,388,2432
41,381,2445
56,374,2478
120,394,2456
133,393,2474
133,396,2480
124,395,2476
130,400,2491
142,399,2502
160,400,2527
152,368,2525
132,364,2509
6,34,2135
-13,-5,2107
-19,-5,2110
-75,124,2135
-74,125,2137
-77,126,2144
-42,120,2101
-42,130,2101
-65,152,2128
-79,175,2148
-115,194,2240
-109,164,2231
-92,153,2186
-93,148,2198
-85,142,2187
-65,134,2151
-64,145,2134
-73,132,2145
-69,134,2136
-78,146,2130
-58,149,2098
-90,164,2139
-96,152,2158
-83,154,2154
-77,149,2147
-82,170,2149
-87,182,2155
-81,180,2162
-110,197,2225
-103,186,2213
-108,175,2220
-99,150,2197
-96,166,2182
-104,184,2173
-89,171,2128
-85,175,2111
-88,179,2107
-88,184,2097
-85,183,2093
-48,396,2285
-69,364,2264
-83,355,2275
-117,365,2295
-155,353,2269
-105,337,2266
-69,315,2254
-62,305,2253
-89,313,2245
-86,307,2283
-62,308,2392
-67,306,2418
-64,310,2435
-37,308,2499
-38,212,2398
-65,343,2248
-95,131,2136
-91,102,2133
-77,357,2196
-88,410,2203
-94,392,2227
-106,176,2165
-56,450,2266
-99,186,2167
-111,171,2129
-111,171,2136
-125,195,2164
-104,176,2125
-82,174,2105
-110,310,2196
-150,201,2112
-117,399,2306
-149,424,2284
-162,420,2295
-147,502,2371
-195,497,2294
-154,372,2266
-151,346,2252
-150,426,2236
-149,508,2247
-149,518,2269
-169,527,2264
-175,495,2286
-199,465,2282
-179,311,2253
-143,187,2182
-84,512,2248
-138,458,2285
-138,418,2277
-126,410,2287
-137,411,2275
-133,423,2288
-148,425,2281
-162,280,2170
-137,240,2207
-131,189,2185
-131,196,2180
-174,450,2253
-150,456,2277
-147,484,2266
-92,535,2210
-130,485,2264
-133,498,2271
-148,532,2256
-151,550,2255
-161,565,2260
-84,564,2238
-201,414,2220
-225,407,2222
-210,371,2162
-216,375,2158
-224,379,2165
-135,597,2174
-144,609,2156
-128,622,2194
-181,590,2235
-217,599,2242
-213,587,2234
-153,560,2197
-140,539,2189
-152,543,2108
-141,524,2087
-124,538,2129
-141,524,2132
-133,514,2086
-129,514,2017
-141,548,2060
-141,570,2107
-152,602,2131
-164,625,2112
-172,632,2141
-180,637,2181
-184,622,2208
-204,612,2240
-231,588,2255
-230,603,2230
-190,585,2192
-165,571,2177
-151,534,2188
-160,498,2190
-163,468,2181
-158,438,2168
-117,300,2174
-116,399,2193
-126,406,2217
-81,472,2218
-100,460,2211
-97,473,2228
-111,493,2230
-104,518,2208
-90,532,2187
-95,557,2157
-112,557,2116
-107,539,2085
-113,539,2079
-152,550,2096
-169,554,2085
-157,572,2066
-119,560,2051
-105,547,2088
-107,547,2054
-127,566,2018
-117,555,2005
-120,558,2008
-127,558,1991
-132,556,1975
-135,563,1953
-145,589,1995
-141,582,2059
-145,583,2092
-151,616,2095
-147,605,2093
-153,607,2095
-156,617,2109
-165,622,2127
-158,615,2109
-137,589,2097
-132,574,2096
-133,561,2090
-123,553,2114
-82,459,2146
-89,475,2085
-101,488,2095
-114,525,2102
-131,567,2053
-125,568,2044
-137,570,2045
-141,579,2049
-141,572,2036
-142,571,2027
-121,561,2021
-117,577,2041
-119,548,2036
-120,549,2043
-122,541,2044
-120,537,2040
-118,520,2027
-111,527,2033
-121,513,2042
-102,514,2058
-96,479,2035
-98,483,2025
-104,487,2020
-107,512,2034
-111,528,2061
-59,514,2138
-94,504,2129
-92,495,2130
-56,449,2157
-60,427,2154
-91,425,2130
-89,419,2109
-82,442,2061
-72,426,2049
-77,431,2039
-91,424,2043
-91,414,2053
-110,397,2091
-120,396,2118
-123,393,2124
-68,367,2171
-60,227,2215
-74,205,2205
-106,156,2201
-63,214,2199
-113,172,2202
-125,242,2190
-136,245,2202
-60,495,2085
-86,487,2071
-80,467,2058
-73,459,2070
-66,459,2071
-49,467,2090
-43,465,2085
-38,460,2078
-39,458,2065
-61,446,2050
-70,463,2055
-67,471,2075
-78,476,2107
-77,460,2091
-84,445,2077
-94,430,2067
-101,422,2074
-118,392,2107
-124,376,2118
-113,374,2082
-93,458,2008
-107,439,2053
-104,420,2050
-90,418,2048
-96,412,2057
-99,407,2082
-105,428,2084
-110,439,2121
-103,459,2126
-107,448,2120
-113,388,2107
-121,383,2100
-115,378,2058
-113,389,2022
-125,401,2017
-116,401,2008
-127,468,2054
-120,456,2027
-144,405,2048
13,453,2079
-83,517,2104
-96,532,2065
-113,574,2081
-125,592,2102
-125,594,2128
-131,600,2138
-133,608,2117
-128,604,2109
-120,581,2110
-111,558,2089
-128,577,2129
-134,613,2159
-142,642,2173
-139,628,2170
-139,621,2172
-147,625,2157
-148,629,2134
-150,622,2113
-155,624,2097
-156,630,2095
-166,641,2105
-170,639,2108
-169,637,2106
-158,629,2088
-155,630,2080
-152,626,2084
-156,624,2093
-161,613,2130
-159,598,2130
-154,624,2128
-171,626,2111
-70,638,2159
-50,642,2151
-5,652,2157
-64,663,2127
-132,664,2106
-137,684,2089
-136,690,2082
-120,649,2040
-133,637,2058
-107,655,2041
-102,653,2027
-109,659,2038
-122,644,2061
-139,644,2020
-123,642,2036
-121,633,2023
-125,634,2022
-131,650,2049
-134,640,2069
-125,622,2054
-118,617,2057
-120,621,2069
-118,605,2054
-123,589,2050
-121,592,2052
-119,595,2039
-104,587,2006
-109,581,1994
-132,584,1996
-142,586,1992
-144,594,1987
-143,595,1974
-153,601,1976
-147,579,1951
-166,562,1957
-183,550,1980
-201,535,1984
-191,569,1999
-173,566,1940
-165,599,1954
-157,621,1974
-150,644,1984
-152,657,2004
-148,593,1938
-160,601,1963
-167,611,1962
-165,580,1923
-173,562,1910
-197,556,1915
-203,553,1914
-198,560,1914
-189,552,1905
-186,544,1893
-173,545,1872
-175,578,1895
-179,601,1926
-178,617,1949
-171,609,1940
-161,629,1949
-155,627,1943
-148,630,1936
-153,617,1939
-165,624,1954
-168,617,1965
-173,603,1980
-176,591,2000
-172,599,2016
-158,610,2021
-159,614,2043
-145,592,2003
-152,605,2038
-164,611,2057
-169,569,2029
-179,555,2034
-174,605,2055
-170,621,2062
-171,603,2066
-169,611,2072
-168,611,2074
-180,616,2071
-199,606,2095
-196,601,2093
-159,614,2088
-143,599,2093
-157,578,2121
-160,565,2111
-159,560,2099
-170,528,2089
-171,554,2045
-185,536,2008
-185,519,1950
-193,514,1941
-205,539,1963
-201,544,1965
-189,545,1952
-181,538,1942
-179,555,1951
-187,573,1987
-183,585,2009
-170,609,2032
-154,592,2022
-137,599,2006
-117,614,2008
-112,606,2009
-127,611,2005
-137,636,2030
-94,626,1942
-116,637,1954
-123,639,1946
-117,631,1922
-114,616,1901
-128,605,1894
-142,591,1880
-175,594,1925
-173,584,1928
-174,591,1972
-157,573,2025
-147,561,2072
-169,573,2055
-212,594,2102
-220,589,2121
-215,568,2082
-219,564,2077
-227,554,2072
-209,534,2017
-200,515,1988
-215,506,1991
-226,498,1990
-229,483,1986
-219,485,1973
-206,496,1959
-208,520,1978
-60,283,2136
-72,270,2123
-109,359,2115
-106,341,2134
-117,389,2116
-117,400,2122
-113,379,2114
-119,341,2122
-129,320,2130
-131,321,2127
-136,311,2120
-132,379,2093
-128,360,2103
-126,335,2097
-129,325,2107
-133,322,2131
-138,324,2154
-81,198,2154
-84,188,2130
-81,165,2134
-89,156,2133
-89,151,2135
-75,143,2156
-106,186,2157
-101,183,2157
-97,176,2156
-98,164,2165
-95,167,2176
-81,188,2184
-90,197,2180
-122,242,2169
-138,268,2153
-151,277,2152
-153,270,2151
-151,264,2146
-152,276,2133
-141,280,2131
-142,301,2122
-144,340,2120
-137,358,2115
-136,366,2120
-126,374,2089
-126,371,2067
-124,372,2054
-127,376,2043
-125,392,2053
-134,394,2073
-145,396,2096
-141,429,2127
-129,395,2071
-144,381,2086
-123,377,2040
-114,390,1999
-102,359,1962
-133,371,2007
-136,386,2016
-128,396,2027
-128,396,2036
-142,387,2053
-152,388,2061
-159,388,2065
-160,396,2073
-158,399,2062
-150,383,2036
-154,366,2030
-155,377,2029
-156,362,2028
-157,366,2039
-155,355,2037
-154,345,2034
-156,345,2037
-160,353,2045
-164,350,2047
-162,341,2041
-158,354,2031
-161,356,2036
-158,354,2035
-161,364,2044
-160,372,2048
-160,365,2048
-160,366,2048
-157,366,2051
-170,409,2087
-161,422,2092
-100,441,2087
-144,409,2104
-156,378,2101
-185,347,2177
-96,476,2002
-128,484,2016
-156,527,2048
-170,536,2039
-174,545,2051
-186,546,2045
-177,541,2046
-70,402,2021
-103,381,1946
-96,383,1985
-147,390,2094
-181,407,2143
-179,425,2181
-197,427,2200
-210,404,2124
-227,413,2141
-233,407,2126
-234,418,2129
-231,435,2129
-97,370,2003
-128,357,1994
-127,362,1999
-138,372,2016
-134,375,1993
-134,374,1983
-136,372,1958
-140,363,1938
-153,363,1936
-198,372,2018
-214,383,2079
-220,377,2083
-224,382,2083
-226,387,2088
-229,387,2083
-229,388,2078
-227,385,2053
-233,391,2059
-243,397,2066
-248,398,2066
-248,397,2059
-250,393,2056
-248,385,2053
-219,366,1948
-171,361,1883
-155,361,1905
-149,369,1918
-150,380,1937
-143,379,1948
-172,390,2026
-64,446,1977
-96,451,2000
-91,443,1982
-102,441,1976
-109,443,1980
-109,443,1989
-109,436,2047
-102,471,2013
-85,444,1985
-91,440,1957
-123,449,2033
-121,450,2054
-114,448,2005
-161,464,2072
-128,510,1974
-122,555,1931
-141,557,1923
-141,550,1906
-143,552,1912
-161,564,1930
-173,571,1944
-179,572,1937
-184,574,1941
-182,576,1957
-181,577,1958
-186,580,1962
-169,569,1937
-177,570,1938
-189,570,1944
-200,571,1942
-207,576,1963
-201,574,1980
-180,574,1979
-174,574,1980
-172,571,1972
-150,560,1950
-135,556,1940
-108,548,1943
-103,546,1969
-109,548,1991
-93,546,2036
-83,526,2052
-100,535,2047
-110,532,2034
-123,535,1912
-170,558,1920
-160,548,1896
-150,547,1889
-171,560,1905
-195,575,1924
-205,583,1941
-214,593,2031
-213,591,2039
-231,583,2028
-245,584,2024
-240,561,1990
-232,552,1967
-230,581,1992
-219,592,2014
-198,580,1976
-202,600,2044
-195,615,2094
-192,597,2084
-188,591,2086
-178,580,2104
-174,580,2140
-167,598,2192
-176,587,2162
-183,587,2144
-187,588,2144
-116,338,1890
-133,342,1902
-141,332,1905
-145,328,1902
-162,322,1913
-173,317,1912
-169,294,1886
-196,321,1909
-200,319,1909
-206,319,1906
-200,305,1884
-204,320,1888
-169,299,1827
-179,303,1839
-183,314,1846
-176,309,1837
-156,300,1818
-148,290,1810
-142,288,1801
-147,294,1807
-151,300,1811
-160,310,1824
-159,332,1827
-161,318,1829
-149,300,1815
-157,306,1823
-158,314,1826
-167,321,1843
-182,324,1851
-216,367,1920
-239,430,2017
-231,346,1942
-237,345,1915
-248,329,1904
-264,353,1907
-201,585,1802
-234,601,1831
-237,601,1825
-239,600,1828
-238,596,1816
-248,601,1829
-271,631,1883
-275,643,1910
-280,644,1925
-286,639,1894
-268,619,1848
-230,600,1830
-238,618,1819
-232,636,1834
-230,634,1835
-229,630,1821
-230,629,1814
-233,632,1817
-249,671,1937
-226,659,1949
-223,658,1951
-224,658,1950
-216,652,1954
-210,650,1956
-211,648,1953
-218,649,1950
-211,645,1953
-231,648,1938
-239,649,1928
-242,644,1919
-234,659,1899
-227,652,1870
-223,638,1847
-214,654,1855
-187,691,1900
-153,402,1795
-219,424,1829
-247,431,1828
-257,439,1859
-261,439,1847
-251,432,1828
-236,426,1807
-243,427,1814
-243,428,1826
-283,451,1871
-163,368,1782
-250,385,1857
-240,378,1833
-226,382,1808
-266,390,1879
-285,388,1872
-279,374,1807
-291,372,1840
-296,422,1906
-276,467,1943
-250,452,1912
-148,358,1815
-183,348,1781
-199,341,1775
-210,345,1785
-217,345,1786
-251,398,1934
-120,385,1820
-188,364,1755
-169,375,1793
-202,362,1760
-206,347,1752
-252,337,1739
-256,338,1738
-132,323,1768
-178,324,1772
-193,329,1822
-194,333,1845
-139,229,1786
-183,239,1841
-184,242,1844
-183,244,1847
-185,242,1832
-152,229,1782
-165,238,1751
-197,242,1712
-165,207,1705
-178,202,1704
-199,233,1802
-164,220,1793
-175,139,1696
-171,113,1699
-144,149,1803
-145,151,1816
-174,151,1743
-151,194,1783
-164,237,1783
-154,229,1759
-170,194,1727
-173,209,1735
-162,253,1707
-147,265,1761
-174,267,1804
-175,269,1821
-168,279,1872
-168,277,1880
-165,277,1880
-165,278,1884
-184,276,1868
-206,264,1830
-218,252,1798
-225,245,1715
-126,210,1767
-157,193,1758
-158,182,1754
-165,190,1789
-145,218,1876
-156,219,1900
-151,216,1897
-130,117,1710
-119,120,1705
-119,118,1706
-116,117,1699
-125,107,1692
-136,104,1689
-144,102,1686
-127,84,1690
-186,71,1683
-211,70,1691
-165,80,1687
-173,111,1704
-174,145,1703
-170,200,1750
-169,222,1786
-165,221,1794
-163,216,1825
-157,215,1871
-162,187,1807
-168,165,1823
-173,76,1817
-221,145,1748
-221,131,1720
-86,180,1696
-118,179,1684
-114,163,1676
-95,112,1673
-88,81,1677
-109,94,1668
-143,152,1672
-147,167,1681
-149,159,1671
-145,142,1663
-134,121,1658
-89,79,1646
-73,69,1733
-121,66,1715
-133,61,1674
-130,71,1675
-125,79,1677
-135,103,1715
-135,96,1690
-119,84,1732
-90,45,1748
-46,29,1879
-62,35,1841
-74,19,1752
-81,35,1752
-81,52,1788
-61,40,1713
-77,61,1683
-108,67,1679
-113,40,1707
-119,33,1718
-137,33,1788
-136,37,1794
-120,94,1782
-107,78,1778
-101,117,1764
-89,128,1759
-77,139,1758
-79,137,1758
-83,133,1759
-88,128,1762
-66,102,1799
-50,113,1873
-141,230,1624
-151,240,1648
-140,246,1659
-128,261,1669
-120,269,1669
-127,266,1676
-132,250,1658
-106,172,1545
-124,140,1611
-126,141,1621
-131,148,1630
-122,171,1641
-163,306,1639
-169,281,1601
-158,319,1690
-164,324,1689
565,-514,1751
-92,-171,2147
-167,-186,2088
-149,-188,2115
-180,-187,2080
-163,-189,2098
-84,-247,2118
-61,-240,2139
-75,-246,2143
-82,-269,2150
-100,-265,2139
-80,-240,2161
-62,-230,2185
-59,-238,2188
-63,-262,2196
-89,-309,2195
-113,-340,2177
-119,-345,2184
255,-241,1406
248,-246,1418
252,-233,1381
247,-239,1364
223,-267,1355
-63,-219,2039
-41,-192,2064
-70,-233,2023
-90,-212,2018
-97,-190,2012
-98,-265,2005
-132,-309,1985
-128,-333,2011
-141,-361,2013
-164,-390,2046
-167,-388,2041
-174,-404,2057
-165,-402,2080
-155,-381,2031
-95,-261,2091
-99,-239,2065
-101,-242,2075
-90,-232,2077
3,-223,2043
97,-201,2012
-58,-227,2010
-99,-229,2011
-107,-226,2016
-110,-215,2015
-109,-216,2008
-114,-253,2020
-128,-274,1999
-137,-279,1994
-102,-285,1972
-146,-285,1964
-140,-264,1973
-111,-248,2031
-138,-314,1940
-129,-253,1972
-139,-267,1923
-132,-242,1961
-111,-208,2013
-125,-238,1920
-124,-232,1918
-117,-221,1942
-111,-204,1985
-118,-217,1968
-123,-225,1939
-120,-230,1952
-112,-213,1996
-122,-224,1952
-117,-217,1979
-126,-229,1952
-35,-225,2035
-106,-246,2055
-101,-260,2076
-112,-277,2073
-111,-300,2080
-113,-320,2094
-120,-336,2094
-131,-343,2093
-148,-350,2099
-152,-357,2119
-156,-370,2113
-142,-376,2121
-131,-405,2127
-134,-393,2091
-159,-394,2087
-177,-412,2093
-209,-465,2058
-199,-498,2077
-193,-529,2093
-183,-546,2124
-175,-580,2127
-201,-571,2092
-190,-587,2094
-192,-582,2080
-190,-576,2063
-183,-539,2103
-191,-509,2080
-188,-463,2087
-168,-379,2120
-141,-363,2142
-159,-380,2098
-158,-379,2111
-159,-385,2104
-163,-381,2100
-161,-373,2119
-159,-382,2120
-154,-390,2130
-162,-420,2127
-169,-451,2138
-156,-477,2192
-148,-504,2201
-157,-515,2193
-163,-565,2149
-152,-578,2171
-152,-586,2160
-160,-580,2147
-163,-569,2151
-166,-552,2160
-157,-547,2171
-153,-534,2179
-170,-491,2171
-165,-437,2168
-151,-394,2194
-152,-367,2184
-172,-384,2123
-170,-384,2105
-178,-403,2084
-185,-475,2034
-194,-488,2021
-203,-492,2031
-201,-478,2068
-188,-472,2114
-186,-491,2108
-190,-525,2091
-154,-539,2157
-180,-527,2127
-195,-566,2065
-192,-605,2026
-173,-627,2055
-204,-617,2088
-214,-584,2076
-222,-574,2087
-215,-580,2071
-221,-580,2049
-218,-594,2020
-222,-550,2103
-222,-536,2110
-224,-533,2085
-233,-467,2094
-129,-634,2062
-116,-684,2042
-123,-732,1984
-102,-757,1972
-100,-751,2006
-131,-728,1952
-129,-740,1931
-105,-755,1997
-112,-708,2074
-142,-670,2043
-153,-656,1995
-165,-586,2040
-172,-556,2024
-173,-510,2018
-113,-385,2084
-138,-342,2077
-143,-338,2092
-163,-339,2111
-163,-339,2111
-160,-338,2110
-163,-339,2111
-171,-342,2114
-169,-340,2114
-176,-343,2116
-174,-343,2116
-104,-334,2016
-134,-312,2014
-155,-351,2021
-178,-414,2041
-181,-426,2052
-190,-490,2031
-196,-508,2025
-191,-595,2076
-196,-642,2090
-191,-673,2079
-182,-710,2064
-174,-745,2027
-220,-550,2028
-197,-540,2125
-206,-488,2158
-190,-466,2183
-200,-421,2176
-181,-408,2192
-190,-380,2174
-201,-361,2140
-195,-313,2143
-181,-285,2154
-172,-266,2157
-165,-247,2156
-155,-239,2170
-178,-262,2156
-206,-311,2117
-210,-331,2115
-223,-372,2099
-225,-394,2102
-230,-398,2090
-226,-407,2104
-226,-423,2105
-217,-423,2141
-221,-448,2130
-220,-458,2151
-233,-495,2067
-217,-485,2126
-204,-480,2177
-210,-518,2148
-219,-565,2066
-195,-604,2087
-175,-631,2110
-150,-636,2158
-148,-626,2183
-166,-601,2189
-166,-584,2214
-175,-579,2211
-175,-579,2214
-176,-583,2213
-186,-582,2197
-184,-577,2203
-182,-566,2215
-196,-602,2174
-189,-628,2143
-185,-598,2162
-180,-556,2216
-198,-504,2198
-223,-499,2140
-204,-475,2179
-194,-452,2194
-127,-363,2106
-168,-345,2109
-192,-368,2091
-191,-361,2091
-185,-356,2094
-187,-353,2076
-53,-417,2070
-152,-301,2046
-151,-327,2061
-154,-329,2062
-143,-326,2061
-45,-338,2149
-56,-344,2153
-71,-365,2122
-88,-409,2077
-105,-423,2073
-129,-438,2018
-124,-426,2029
-127,-420,2028
-123,-407,2077
-104,-400,2137
-123,-428,2099
-118,-461,2105
-97,-488,2151
-97,-532,2165
-53,-616,2221
-48,-620,2239
-134,-559,2107
-183,-560,2045
-176,-529,2045
-174,-495,2043
-174,-463,2023
-168,-436,2051
-126,-316,2127
-174,-288,2097
-179,-299,2090
-181,-300,2076
-174,-291,2079
-159,-285,2095
-105,-368,2089
-147,-326,2072
-157,-350,2047
-152,-348,2073
-211,-295,1946
-290,-267,1958
-294,-304,2087
-293,-301,2091
-284,-309,2100
-292,-317,2065
-222,-240,1998
-143,-183,1995
-172,-213,1992
-134,-287,1773
-209,-269,1816
-221,-282,1829
-234,-300,1908
-185,-368,1803
-228,-397,1859
-231,-435,1848
-251,-468,1836
-261,-488,1840
-240,-517,1826
-240,-530,1834
-228,-545,1841
-239,-557,1843
-257,-563,1859
-264,-576,1865
-242,-605,1824
-271,-609,1828
-299,-601,1822
-283,-596,1826
-249,-627,1814
-285,-600,1799
-269,-592,1803
-262,-566,1792
-244,-575,1758
-294,-498,1784
-289,-462,1827
-259,-474,1787
-280,-444,1806
-245,-446,1788
-274,-389,1813
-292,-393,1821
-240,-491,1808
-232,-431,1851
-219,-365,1770
-214,-268,1756
-223,-269,1785
-140,-200,1802
-130,-189,1798
-125,-226,1797
-159,-298,1795
-201,-386,1818
-238,-433,1831
-184,-531,1822
-175,-539,1848
-274,-616,1846
-255,-642,1886
-255,-634,1869
-251,-651,1867
-253,-644,1874
-288,-611,1880
-298,-592,1925
-302,-592,1890
-298,-590,1889
-283,-578,1842
-229,-454,1848
-234,-415,1883
-257,-401,1910
-341,-425,2002
-310,-433,2047
-262,-428,2074
-259,-413,2036
-251,-416,2055
-217,-409,2134
-235,-410,2124
-267,-417,2061
-261,-414,2075
-267,-518,1898
-208,-210,1911
-240,-200,1994
-237,-211,1984
-228,-316,1901
-294,-301,2011
-306,-301,2061
-281,-314,2079
-285,-298,2080
-301,-282,2105
-290,-290,2094
-294,-288,2101
-297,-284,2106
-282,-297,2088
-297,-352,2065
-326,-519,1956
-305,-611,1953
-277,-670,1931
-270,-654,1882
-289,-608,1873
-290,-569,1874
-281,-535,1881
-280,-530,1882
-275,-516,1884
-269,-509,1874
-239,-573,1795
-315,-535,1871
-316,-535,1891
-278,-495,1913
-248,-431,1909
-250,-426,1915
-253,-437,1913
-245,-461,1893
-249,-460,1895
-252,-457,1927
-246,-471,1906
-249,-481,1876
-292,-669,1959
-304,-647,1934
-296,-630,1956
-286,-639,2059
-279,-633,2059
-284,-637,2060
-207,-598,2027
-208,-629,2042
-214,-655,1901
-278,-655,1934
-281,-678,1918
-272,-678,1910
-291,-578,1921
-281,-564,1886
-262,-483,1892
-260,-451,1885
-259,-402,1885
-263,-382,1897
-263,-357,1886
-254,-338,1869
-264,-336,1939
-262,-338,1857
-265,-335,1897
-244,-308,1870
-125,-288,1798
-173,-245,1818
-168,-192,1850
-180,-187,1835
-198,-202,1902
-210,-229,1948
-219,-222,1975
-221,-216,2005
-226,-212,2015
-221,-226,2024
-217,-232,2022
-208,-222,2035
-205,-219,2042
-199,-226,2033
-200,-223,2032
-205,-218,2032
-212,-210,2037
-212,-208,2035
-216,-206,2039
-212,-207,2035
-211,-210,2037
-234,-514,1968
-290,-621,1900
-264,-650,1860
-269,-663,1898
-259,-670,1834
-212,-274,1755
-211,-264,1751
-182,-263,1721
-177,-236,1728
-179,-222,1737
-215,-366,1771
-233,-408,1796
-233,-438,1797
-240,-478,1795
-269,-502,1801
-268,-553,1818
-264,-599,1851
-262,-628,1846
-280,-642,1865
-285,-655,1866
-292,-669,1866
-238,-559,1770
-276,-545,1838
-261,-520,1852
-255,-493,1855
-249,-468,1873
-253,-427,1855
-195,-415,1865
-196,-349,1842
-202,-332,1841
-216,-328,1829
-198,-315,1834
-239,-326,1813
-210,-291,1810
-236,-283,1806
-218,-249,1817
-220,-273,1822
-227,-281,1835
-223,-281,1837
-195,-240,1886
-212,-206,1883
-216,-232,1904
-204,-256,1902
-219,-263,1929
-226,-268,1887
-220,-292,1906
-222,-305,1933
-215,-311,1932
-250,-289,1954
-224,-316,1891
-152,-373,1801
-192,-390,1840
-235,-511,1856
-263,-488,1872
-313,-490,1997
-303,-483,2077
-246,-405,1991
-217,-293,1892
-214,-249,1893
-199,-236,1905
-221,-205,1874
-227,-199,1849
-231,-207,1821
-223,-207,1813
-219,-202,1806
-217,-224,2011
-182,-245,2025
-173,-255,2020
-172,-257,2021
-181,-246,2022
-174,-253,2019
-170,-259,2017
-175,-256,2017
-187,-278,2019
-196,-279,2022
-195,-280,2020
-193,-282,2015
-213,-423,1954
-295,-620,1878
-304,-596,1850
-303,-578,1857
-288,-577,1839
-242,-606,1868
-207,-594,1824
-252,-559,1919
-249,-554,1929
-264,-524,1880
-259,-508,1882
-243,-485,1879
-250,-489,1873
-241,-484,1881
-245,-486,1878
-258,-494,1868
-262,-496,1864
-267,-499,1861
-213,-293,1843
-224,-184,1886
-218,-206,1912
-261,-171,2074
-215,-414,1747
-298,-351,1801
-307,-362,1851
-327,-380,1869
-286,-397,2043
-285,-398,2048
-275,-401,2042
-227,-596,1785
-289,-635,1827
-265,-637,1848
-282,-620,1853
-279,-624,1851
-275,-628,1846
-262,-617,1854
-207,-435,1801
-213,-349,1845
-209,-326,1819
-215,-294,1834
-217,-280,1849
-213,-261,1853
-173,-259,1761
-175,-269,1753
-228,-270,1825
-218,-288,1917
-214,-295,2039
-214,-475,1796
-309,-431,1816
-306,-439,1836
-238,-374,1825
-305,-389,1875
-303,-405,1849
-282,-488,1860
-241,-598,1827
-232,-587,1787
-242,-576,1785
-236,-576,1796
-250,-564,1815
-245,-570,1813
-225,-565,1771
-215,-559,1742
-114,-324,1763
-222,-288,1816
-208,-295,1827
-142,-300,1760
-211,-293,1830
-209,-291,1823
-219,-290,1843
-221,-294,1847
-218,-297,1849
-200,-341,1856
-208,-356,1858
-240,-401,1863
-261,-437,1844
-274,-470,1854
-295,-509,1850
-302,-527,1848
-278,-581,1851
-282,-601,1873
-290,-601,1871
-293,-588,1859
-293,-582,1842
-290,-577,1839
-278,-592,1831
-255,-593,1808
-244,-587,1791
-240,-586,1787
-255,-596,1845
-254,-593,1852
-255,-576,1849
-230,-601,1764
-231,-593,1785
-218,-609,1753
-218,-612,1757
-247,-607,1792
-258,-601,1817
-262,-607,1826
-265,-607,1827
-264,-594,1814
-264,-597,1833
-281,-584,1870
-268,-577,1822
-280,-635,1856
-272,-628,1873
-285,-615,1884
-287,-590,1874
-279,-585,1882
-266,-585,1907
-265,-588,1897
-276,-578,1897
-289,-570,1890
-283,-561,1900
-281,-564,1914
-279,-561,1899
-281,-565,1909
-239,-416,1876
-207,-289,1822
-224,-257,1809
-227,-263,1799
-263,-271,1951
-275,-266,1969
-221,-309,1937
-219,-312,1928
-220,-316,1920
-219,-320,1922
-231,-313,1922
-239,-303,1919
-525,580,1837
-494,603,1824
-520,570,1833
-506,597,1854
-517,573,1848
-519,576,1868
-515,564,1896
-582,564,1850
-572,621,1906
-534,597,1944
-601,503,1916
-563,456,1918
-609,470,1934
-556,457,2005
-516,505,2028
-522,549,2018
-571,512,1973
-533,576,1945
-513,585,1931
-493,602,1941
-532,428,1958
-542,440,1954
-525,422,1943
-536,425,1958
-513,435,1994
-473,458,2132
-475,544,2218
-475,544,2218
-475,544,2218
-449,608,1715
-477,512,1586
-478,581,1735
-456,635,1895
-469,590,1880
-462,608,1907
-468,615,1930
-465,625,1958
-427,702,2056
-414,603,1960
-393,597,2014
-386,552,2045
-378,528,2016
-349,518,2036
-405,559,1994
-414,559,1966
-562,414,1832
-462,383,1856
-451,387,1870
-475,358,1886
-547,395,1834
-468,336,1817
-410,308,1940
-479,326,1881
-495,329,1883
-521,339,1937
-467,349,1970
-461,351,1983
-438,369,2021
-434,370,2042
-431,374,2062
-435,360,2075
-514,580,1989
-435,554,2013
-418,584,2042
-383,634,2031
-352,645,2056
-351,644,2047
-356,646,2042
-360,646,2041
-386,648,2004
-409,664,1979
-426,658,1954
-441,651,1935
-448,639,1923
-541,490,1961
-454,444,2006
-449,508,2000
-467,583,1943
-447,622,1935
-444,630,1956
-420,647,1962
-406,671,1964
-395,690,1961
-364,719,1987
-341,730,1989
-407,672,2006
-505,559,1950
-519,550,1947
-524,540,1948
-553,542,1941
-535,540,1945
-512,486,1923
-441,327,1961
-445,320,1993
-461,288,2000
-447,287,2039
-451,254,2051
-469,283,2003
-458,293,1963
-444,271,1966
-452,266,1974
-459,266,1996
-503,106,1964
-475,111,1994
-471,112,1990
-453,127,1996
-447,109,2034
-442,110,2038
-448,112,2022
-446,108,2026
-457,110,2028
-455,102,2033
-573,362,1924
-467,259,1981
-477,237,1994
-474,257,2012
-457,263,2055
-438,248,2073
-421,259,2078
-455,254,2027
-454,277,1990
-457,289,1945
-459,277,2038
-436,258,2111
-396,275,2147
-393,295,2146
-432,297,2078
-453,266,2062
-462,252,2019
-463,239,1998
-434,62,2049
-461,46,2066
-453,32,2077
-444,30,2092
-443,1,2094
-445,0,2083
-542,421,1992
-478,361,2022
-478,331,2022
-445,155,2029
-493,123,2006
-486,130,2008
-486,130,2011
-516,137,1992
-537,168,1987
-527,165,2002
-507,170,2020
-494,157,2025
-528,546,1999
-451,506,2043
-418,526,2062
-385,573,2080
-374,574,2107
-370,573,2123
-371,576,2128
-370,577,2134
-428,560,2054
-456,602,1982
-493,601,1945
-533,563,1903
-539,510,1829
-511,502,1821
-513,470,1807
-511,456,1810
-497,433,1819
-484,400,1817
-474,399,1813
-474,430,1823
-498,450,1873
-501,446,1920
-488,402,1934
-480,392,1934
-500,405,1908
-653,513,1913
-519,407,1929
-500,410,1944
-484,429,1957
-478,466,1972
-473,476,1985
-469,487,2000
-456,478,2027
-578,562,1893
-497,472,1931
-481,428,1930
-473,379,1923
-572,472,1873
-484,310,1918
-478,293,1940
-474,299,1945
-473,355,1963
-472,387,1974
-464,402,1989
-450,416,2035
-432,427,2046
-432,422,2071
-450,434,2092
-434,470,2055
-430,532,2031
-449,587,1996
-481,601,1936
-499,605,1897
-500,537,1897
-503,506,1924
-483,440,1923
-499,409,1918
-486,365,1932
-493,326,1946
-481,311,1963
-440,261,1965
-323,271,1889
-286,266,1830
-280,263,1826
-228,242,1836
-243,263,1802
-654,513,1907
-535,443,1929
-511,432,1953
-486,440,1980
-474,454,2019
-446,484,2060
-426,525,2075
-431,583,2064
-446,622,2035
-444,660,2010
-418,680,2018
-519,604,1956
-549,547,1903
-539,558,1923
-543,523,1905
-561,544,1926
-542,593,1961
-554,598,1947
-543,599,1949
-539,587,1939
-567,593,1927
-568,587,1915
-556,587,1896
-428,643,1788
-406,590,1739
-439,536,1766
-484,437,1799
-484,388,1816
-459,380,1801
-551,410,1771
-495,356,1797
-495,362,1823
-481,319,1817
-474,301,1794
-457,270,1775
-439,230,1774
-413,209,1761
-492,349,1854
-512,404,1935
-504,400,1950
-616,503,1886
-476,355,1932
-444,284,1976
-343,311,1929
-313,306,1876
-315,268,1878
-307,220,1889
-337,221,1919
-405,202,1944
-395,204,1938
-374,208,1925
-484,316,2016
-437,209,2046
-420,253,2053
-433,326,2058
-434,371,2068
-426,415,2077
-417,453,2092
-388,504,2084
-365,543,2067
-364,534,2036
-374,534,1993
-386,541,1976
-378,525,1975
-398,521,1948
-401,520,1940
-416,511,1919
-442,507,1890
-430,502,1905
-432,504,1904
-579,499,1893
-488,399,1946
-462,375,1971
-466,300,1955
-434,229,1989
-475,317,1980
-486,406,1960
-496,505,1908
-494,530,1906
-472,554,1926
-452,548,1960
-433,535,2011
-404,528,2051
-358,516,2082
-345,504,2129
-341,503,2144
-341,508,2173
-342,522,2109
-340,523,2123
-343,529,2110
-353,531,2087
-435,587,1968
-469,626,1895
-503,611,1853
-487,599,1834
-482,563,1794
-504,503,1794
-507,481,1799
-497,491,1839
-499,478,1878
-496,446,1911
-476,364,1944
-468,310,1947
-468,330,1941
-453,330,1947
-467,308,1972
-465,303,1966
-431,303,1962
-402,302,1949
-343,301,1912
-332,286,1909
-324,267,1898
-319,200,1926
-331,163,1928
-315,168,1989
-346,138,2050
-354,108,2036
-352,199,1985
-309,306,1906
-328,284,1916
-324,316,1875
-377,324,1900
-645,322,2040
-650,325,2040
-648,326,2039
-648,326,2036
-552,454,1957
-458,340,1943
-446,344,1946
-443,362,1943
-463,397,1945
-540,338,1870
-427,330,1953
-474,432,2013
-557,451,2050
-556,445,2064
-563,425,2079
-557,438,2072
-504,480,2022
-510,510,2018
-496,517,2032
-489,524,2026
-497,528,2018
-498,528,2017
-498,438,2008
-584,434,1849
-493,433,1933
-462,421,1951
-452,420,1950
-453,423,1941
-453,423,1942
-457,428,1938
-457,433,1944
-448,439,1959
-440,440,1975
-403,419,2036
-434,446,1976
-415,445,2003
-398,441,2032
-406,449,2015
-394,456,2033
-382,456,2045
-532,587,2030
-489,597,2095
-492,597,2094
-501,600,2088
-496,598,2095
-496,602,2098
-491,598,2101
-496,606,2100
-488,604,2117
-486,601,2123
-488,599,2115
-509,511,2003
-435,492,2059
-431,468,2058
-428,453,2060
-418,444,2063
-417,421,2075
-415,389,2058
-433,356,2074
-435,322,2073
-431,306,2078
-416,274,2063
-409,240,2091
-439,314,2049
-361,253,2121
-342,240,2114
-334,236,2107
-346,221,2096
-350,221,2083
-342,248,2079
-305,235,2018
-327,225,1967
-345,241,1919
-363,223,1891
-339,265,2015
-572,417,1951
-424,208,2105
-421,215,2136
-412,237,2112
-406,243,2078
-402,281,2015
-391,291,2031
-393,276,2024
-388,246,2011
-361,301,2117
-350,298,2130
-348,306,2089
-574,624,1827
-503,555,1846
-494,586,1908
-473,644,1946
-431,698,1971
-384,710,1979
-329,717,2026
-438,637,1954
-406,606,1892
-295,572,1871
-281,612,1906
-275,632,1913
-286,603,1898
-115,675,2019
-153,661,1981
-153,669,2004
-147,680,2008
-144,688,2010
-137,694,1996
-100,675,2117
-105,671,2115
-98,663,2162
-126,646,2123
-86,658,2179
-36,668,2235
-101,658,2145
-99,679,2129
-16,725,2250
31,770,2267
94,790,2287
40,786,2233
28,768,2240
-192,662,1867
-194,680,1885
-200,694,1912
-155,720,1991
-161,745,1916
-61,875,1836
-54,879,1756
-73,849,1826
